City_ID,City,Country,Date,Lat,Lng,Max Temp,Humidity,Cloudiness,Wind Speed
0,Faya,SA,2021-02-05 22:24:48,18.3851,42.4509,55.4,38,20,12.66
1,Kirkuk,IQ,2021-02-05 22:24:48,35.4681,44.3922,54.12,89,100,8.95
2,Bengkulu,ID,2021-02-05 22:24:48,-3.8004,102.2655,75.76,84,77,4.54
3,Punta Arenas,CL,2021-02-05 22:24:40,-53.15,-70.9167,55.4,41,0,25.32
4,Saint-Philippe,RE,2021-02-05 22:24:49,-21.3585,55.7679,78.8,65,0,5.75
5,Jaru,BR,2021-02-05 22:24:49,-10.4389,-62.4664,79.99,91,99,1.83
6,Ushuaia,AR,2021-02-05 22:20:02,-54.8,-68.3,46.4,81,75,27.63
7,Hilo,US,2021-02-05 22:24:49,19.7297,-155.09,78.8,57,1,5.75
8,Pevek,RU,2021-02-05 22:24:49,69.7008,170.3133,-17.57,85,25,0.87
9,Udalguri,IN,2021-02-05 22:24:49,26.7667,92.1333,60.46,41,0,2.82
10,Wilmington,US,2021-02-05 22:19:58,34.2257,-77.9447,53.6,94,90,10.36
11,Albany,US,2021-02-05 22:19:59,42.6001,-73.9662,41.0,66,88,4.21
12,Upernavik,GL,2021-02-05 22:24:50,72.7868,-56.1549,3.33,72,55,5.1
13,Rikitea,PF,2021-02-05 22:23:41,-23.1203,-134.9692,79.12,68,1,10.85
14,Srandakan,ID,2021-02-05 22:24:50,-7.9386,110.2506,75.43,86,70,5.88
15,Asekeyevo,RU,2021-02-05 22:24:20,53.5742,52.7972,34.99,97,100,9.95
16,Lebu,CL,2021-02-05 22:24:50,-37.6167,-73.65,63.59,75,8,9.8
17,Orai,IN,2021-02-05 22:22:49,25.9833,79.4667,51.39,75,0,2.01
18,Hobart,AU,2021-02-05 22:23:36,-42.8794,147.3294,68.0,94,75,8.05
19,Bethel,US,2021-02-05 22:21:23,41.3712,-73.414,39.2,70,1,3.44
20,Ponta Do Sol,PT,2021-02-05 22:24:51,32.6667,-17.1,53.01,64,34,3.0
21,Kodiak,US,2021-02-05 22:24:51,57.79,-152.4072,37.4,70,90,6.91
22,Vardo,NO,2021-02-05 22:24:51,70.3705,31.1107,24.8,93,75,10.36
23,Tambovka,RU,2021-02-05 22:24:51,50.0969,128.0489,-14.8,76,0,4.47
24,Whitehorse,CA,2021-02-05 22:24:51,60.7161,-135.0538,-0.99,71,75,2.15
25,Bredasdorp,ZA,2021-02-05 22:23:33,-34.5322,20.0403,64.4,88,11,1.14
26,Mataura,NZ,2021-02-05 22:24:52,-46.1927,168.8643,67.98,55,43,1.23
27,Quatre Cocos,MU,2021-02-05 22:24:52,-20.2078,57.7625,78.8,78,75,3.44
28,Ajdabiya,LY,2021-02-05 22:23:58,30.7554,20.2263,58.48,64,7,3.11
29,Wembley,AU,2021-02-05 22:24:52,-31.9333,115.8,64.99,59,0,17.27
30,Hermanus,ZA,2021-02-05 22:22:35,-34.4187,19.2345,68.0,86,5,1.01
31,Jamestown,US,2021-02-05 22:24:52,42.097,-79.2353,25.0,63,90,17.27
32,Vaini,TO,2021-02-05 22:22:38,-21.2,-175.2,86.0,79,75,5.75
33,Klaksvik,FO,2021-02-05 22:24:26,62.2266,-6.589,32.0,100,20,1.14
34,Tartagal,AR,2021-02-05 22:23:00,-22.5164,-63.8013,79.56,60,40,4.18
35,Ribeira Grande,PT,2021-02-05 22:24:53,38.5167,-28.7,57.2,88,75,11.5
36,Saldanha,ZA,2021-02-05 22:24:12,-33.0117,17.9442,64.4,82,0,12.66
37,Dikson,RU,2021-02-05 22:23:00,73.5069,80.5464,-33.47,83,5,10.38
38,Busselton,AU,2021-02-05 22:24:53,-33.65,115.3333,59.0,79,92,1.01
39,Esperance,AU,2021-02-05 22:22:38,-33.8667,121.9,59.0,94,90,4.61
40,Arraial Do Cabo,BR,2021-02-05 22:24:53,-22.9661,-42.0278,78.8,83,75,5.75
41,Butaritari,KI,2021-02-05 22:24:54,3.0707,172.7902,81.45,80,88,17.6
42,Tazovskiy,RU,2021-02-05 22:23:12,67.4667,78.7,-35.84,81,45,4.61
43,Qandala,SO,2021-02-05 22:24:54,11.472,49.8728,73.26,65,83,4.81
44,Nyurba,RU,2021-02-05 22:24:54,63.2842,118.3319,-41.55,80,35,3.98
45,Alofi,NU,2021-02-05 22:24:19,-19.0595,-169.9187,78.8,89,100,12.66
46,Porto Novo,BJ,2021-02-05 22:24:54,6.4965,2.6036,84.2,84,40,13.8
47,El Seibo,DO,2021-02-05 22:24:54,18.7641,-69.0375,80.6,78,20,10.36
48,Redmond,US,2021-02-05 22:23:23,47.674,-122.1215,48.0,79,76,6.42
49,Zhezkazgan,KZ,2021-02-05 22:24:55,47.8043,67.7144,19.92,97,16,7.0
50,Kirakira,SB,2021-02-05 22:24:55,-10.4544,161.9205,82.24,79,41,11.23
51,Calvinia,ZA,2021-02-05 22:24:55,-31.4707,19.776,65.39,53,0,3.31
52,Khani,GE,2021-02-05 22:24:55,41.9563,42.9566,50.0,76,75,17.27
53,Ostrovnoy,RU,2021-02-05 22:21:08,68.0531,39.5131,12.52,92,100,11.1
54,Yellowknife,CA,2021-02-05 22:22:51,62.456,-114.3525,-29.99,68,75,12.66
55,Tevriz,RU,2021-02-05 22:21:10,57.509,72.4042,34.09,98,99,7.9
56,Kabanjahe,ID,2021-02-05 22:24:55,3.1001,98.4908,77.0,100,40,2.3
57,Tezu,IN,2021-02-05 22:24:56,27.9167,96.1667,61.14,28,21,4.65
58,Vredendal,ZA,2021-02-05 22:24:56,-31.6683,18.5012,62.19,83,0,3.36
59,Bluff,NZ,2021-02-05 22:24:56,-46.6,168.3333,58.17,74,60,3.91
60,Port Elizabeth,ZA,2021-02-05 22:24:56,-33.918,25.5701,69.8,94,75,10.36
61,Kavieng,PG,2021-02-05 22:24:56,-2.5744,150.7967,81.43,76,97,7.67
62,Soyo,AO,2021-02-05 22:24:56,-6.1349,12.3689,79.79,86,78,7.76
63,Bajitpur,BD,2021-02-05 22:24:56,24.2167,90.95,66.2,82,0,2.8
64,Avarua,CK,2021-02-05 22:24:56,-21.2078,-159.775,86.0,66,20,14.97
65,Fortuna,US,2021-02-05 22:22:50,40.5982,-124.1573,55.99,71,1,16.11
66,Egvekinot,RU,2021-02-05 22:23:41,66.3167,-179.1667,-10.23,93,100,17.0
67,Bambous Virieux,MU,2021-02-05 22:24:57,-20.3428,57.7575,78.8,78,75,3.44
68,Kloulklubed,PW,2021-02-05 22:24:57,7.0419,134.2556,77.0,94,90,9.22
69,Marathon,US,2021-02-05 22:24:57,44.9,-89.7668,9.0,66,90,14.97
70,Fillan,NO,2021-02-05 22:24:58,63.6064,8.9696,23.0,80,20,14.97
71,Hasaki,JP,2021-02-05 22:23:35,35.7333,140.8333,35.6,93,75,2.3
72,Matagami,CA,2021-02-05 22:24:58,49.7502,-77.6328,26.6,93,90,11.5
73,Nouadhibou,MR,2021-02-05 22:24:58,20.931,-17.0347,64.4,77,40,9.22
74,Narsaq,GL,2021-02-05 22:24:58,60.9167,-46.05,15.8,48,0,2.3
75,Tuatapere,NZ,2021-02-05 22:24:58,-46.1333,167.6833,64.51,70,81,3.47
76,Peniche,PT,2021-02-05 22:24:58,39.3558,-9.3811,55.0,87,94,14.0
77,Vila Velha,BR,2021-02-05 22:24:59,-20.3297,-40.2925,81.0,78,75,11.5
78,Arlit,NE,2021-02-05 22:24:59,18.7369,7.3853,66.52,23,0,4.61
79,Chuy,UY,2021-02-05 22:22:32,-33.6971,-53.4616,65.39,75,26,10.58
80,Chara,RU,2021-02-05 22:24:59,56.9064,118.2631,-12.48,74,98,1.23
81,Georgetown,MY,2021-02-05 22:24:42,5.4112,100.3354,80.01,83,20,3.44
82,Torit,SS,2021-02-05 22:24:59,4.4133,32.5678,78.33,22,37,1.14
83,Iqaluit,CA,2021-02-05 22:24:59,63.7506,-68.5145,23.0,80,75,20.71
84,Norman Wells,CA,2021-02-05 22:24:59,65.282,-126.8329,-25.6,68,75,4.61
85,Ewa Beach,US,2021-02-05 22:25:00,21.3156,-158.0072,75.2,50,40,9.22
86,Desaguadero,PE,2021-02-05 22:25:00,-16.5656,-69.0417,56.71,54,32,7.2
87,Tuktoyaktuk,CA,2021-02-05 22:22:34,69.4541,-133.0374,-29.2,68,90,11.5
88,Sechura,PE,2021-02-05 22:25:00,-5.5569,-80.8222,82.0,55,46,14.45
89,Port Alfred,ZA,2021-02-05 22:25:00,-33.5906,26.891,70.0,94,86,15.95
90,Mar Del Plata,AR,2021-02-05 22:25:00,-38.0023,-57.5575,73.4,53,0,8.05
91,Yumen,CN,2021-02-05 22:24:00,40.2833,97.2,30.31,72,100,20.74
92,Carnarvon,AU,2021-02-05 22:24:00,-24.8667,113.6333,78.8,79,75,21.85
93,Singaraja,ID,2021-02-05 22:20:14,-8.112,115.0882,78.75,79,100,3.33
94,Mitu,CO,2021-02-05 22:25:01,1.1983,-70.1733,79.07,94,91,2.04
95,Palmer,US,2021-02-05 22:22:55,42.1584,-72.3287,39.2,75,75,4.61
96,Chulman,RU,2021-02-05 22:25:01,56.8479,124.9104,-27.09,84,98,3.62
97,Cape Town,ZA,2021-02-05 22:20:12,-33.9258,18.4232,69.01,88,0,14.97
98,Dingle,PH,2021-02-05 22:25:01,10.9995,122.6711,74.28,90,33,8.05
99,Woodward,US,2021-02-05 22:25:01,36.4337,-99.3904,55.4,28,1,5.75
100,Makakilo City,US,2021-02-05 22:24:53,21.3469,-158.0858,75.2,50,40,9.22
101,Alta Floresta,BR,2021-02-05 22:25:02,-9.8756,-56.0861,76.03,95,100,2.48
102,Talnakh,RU,2021-02-05 22:24:05,69.4865,88.3972,-26.63,83,92,5.03
103,Kaitangata,NZ,2021-02-05 22:25:02,-46.2817,169.8464,63.0,62,53,5.99
104,Faanui,PF,2021-02-05 22:25:02,-16.4833,-151.75,81.37,64,2,3.76
105,Ormara,PK,2021-02-05 22:25:02,25.2088,64.6357,66.61,57,0,5.86
106,Kautokeino,NO,2021-02-05 22:25:02,69.0125,23.0412,14.79,93,66,10.8
107,Sabang,ID,2021-02-05 22:25:03,5.8933,95.3214,80.71,78,6,14.74
108,Krasnyy Yar,RU,2021-02-05 22:25:03,46.5331,48.3456,39.0,81,75,26.84
109,Patiya,BD,2021-02-05 22:25:03,22.2931,91.9762,55.42,59,0,3.42
110,Carutapera,BR,2021-02-05 22:25:03,-1.195,-46.02,78.31,78,82,7.49
111,Mananara,MG,2021-02-05 22:25:03,-16.1667,49.7667,75.04,84,39,2.26
112,Palu,ID,2021-02-05 22:25:03,-0.8917,119.8707,75.02,78,100,2.8
113,Avera,US,2021-02-05 22:25:04,33.194,-82.5271,53.6,58,1,8.05
114,Longyearbyen,SJ,2021-02-05 22:25:04,78.2186,15.6401,23.0,86,75,4.61
115,Coquimbo,CL,2021-02-05 22:24:06,-29.9533,-71.3436,64.4,72,40,12.66
116,Vaitape,PF,2021-02-05 22:25:04,-16.5167,-151.75,81.43,63,1,3.85
117,Geraldton,AU,2021-02-05 22:25:04,-28.7667,114.6,60.8,88,90,25.32
118,Airai,TL,2021-02-05 22:25:04,-8.9266,125.4092,61.25,100,100,3.4
119,Castro,BR,2021-02-05 22:25:04,-24.7911,-50.0119,65.46,63,0,3.44
120,Cherskiy,RU,2021-02-05 22:23:39,68.75,161.3,-16.01,76,0,1.7
121,Kruisfontein,ZA,2021-02-05 22:25:04,-34.0033,24.7314,72.0,84,28,1.99
122,Puerto Ayora,EC,2021-02-05 22:25:05,-0.7393,-90.3518,82.4,74,40,5.75
123,Vila Franca Do Campo,PT,2021-02-05 22:25:05,37.7167,-25.4333,55.4,82,75,3.44
124,Sao Filipe,CV,2021-02-05 22:25:05,14.8961,-24.4956,70.11,75,37,16.26
125,Komsomolskiy,UZ,2021-02-05 22:25:05,40.4272,71.7189,39.2,48,100,6.91
126,Saskylakh,RU,2021-02-05 22:25:05,71.9167,114.0833,-26.59,85,94,7.4
127,Svarstad,NO,2021-02-05 22:25:05,59.399,9.9698,16.0,78,19,3.0
128,Tasiilaq,GL,2021-02-05 22:22:52,65.6145,-37.6368,24.8,50,75,4.61
129,Chapayeve,UA,2021-02-05 22:25:06,49.3662,35.8749,17.6,73,90,11.18
130,Valentigney,FR,2021-02-05 22:25:06,47.4639,6.8317,45.0,100,0,1.14
131,Temerloh,MY,2021-02-05 22:25:06,3.4483,102.4176,70.57,97,58,1.79
132,Sitka,US,2021-02-05 22:25:06,57.0531,-135.33,37.4,93,90,5.75
133,Susanville,US,2021-02-05 22:23:30,40.4163,-120.653,44.6,57,1,10.36
134,Bud,US,2021-02-05 22:25:06,39.447,-86.1758,33.01,66,84,14.09
135,Saint George,US,2021-02-05 22:21:40,37.1041,-113.5841,59.0,23,1,12.66
136,Souillac,MU,2021-02-05 22:22:52,-20.5167,57.5167,78.8,78,75,3.44
137,Cascais,PT,2021-02-05 22:25:07,38.6979,-9.4215,55.99,87,100,8.01
138,Colares,PT,2021-02-05 22:25:07,38.7992,-9.4469,55.99,87,100,8.01
139,Kapaa,US,2021-02-05 22:23:48,22.0752,-159.319,72.0,60,75,2.98
140,Angoche,MZ,2021-02-05 22:25:07,-16.2325,39.9086,80.6,85,100,3.71
141,Ardabil,IR,2021-02-05 22:25:08,38.2498,48.2933,40.91,82,100,1.25
142,Freeport,US,2021-02-05 22:22:50,40.6576,-73.5832,43.0,75,1,4.61
143,Tongzi,CN,2021-02-05 22:25:08,28.7829,105.0877,51.49,75,53,1.25
144,Ilulissat,GL,2021-02-05 22:25:08,69.2167,-51.1,8.6,40,0,14.97
145,Isangel,VU,2021-02-05 22:23:04,-19.55,169.2667,82.4,83,20,1.36
146,Bandar-E Lengeh,IR,2021-02-05 22:25:08,26.5579,54.8807,66.2,82,0,6.91
147,Iralaya,HN,2021-02-05 22:25:08,15.0,-83.2333,82.4,75,40,4.61
148,Kaitong,CN,2021-02-05 22:25:08,44.8135,123.15,13.5,95,100,7.67
149,Norsup,VU,2021-02-05 22:25:09,-16.0667,167.3833,83.1,68,58,2.95
150,Anqiu,CN,2021-02-05 22:25:09,36.4342,119.1925,41.72,60,0,8.25
151,Waipawa,NZ,2021-02-05 22:23:58,-41.4122,175.5153,63.0,72,90,12.66
152,Atuona,PF,2021-02-05 22:25:09,-9.8,-139.0333,79.68,80,4,17.94
153,Te Anau,NZ,2021-02-05 22:25:09,-45.4167,167.7167,65.88,63,70,2.19
154,Dongsheng,CN,2021-02-05 22:25:09,39.8161,109.9776,25.2,78,0,12.95
155,Torbay,CA,2021-02-05 22:23:11,47.6666,-52.7314,37.0,93,90,32.21
156,Haines Junction,CA,2021-02-05 22:25:09,60.7522,-137.5108,-9.4,59,99,2.13
157,Minot,US,2021-02-05 22:25:10,48.2325,-101.2963,5.0,56,1,20.71
158,San Patricio,US,2021-02-05 22:24:09,28.017,-97.5169,62.6,59,90,12.66
159,Mangrol,IN,2021-02-05 22:25:10,21.1167,70.1167,65.73,37,0,14.79
160,Benguela,AO,2021-02-05 22:25:10,-12.5763,13.4055,74.88,79,47,6.46
161,Victoria,HK,2021-02-05 22:23:06,22.2855,114.1577,64.99,77,0,4.18
162,Muana,BR,2021-02-05 22:25:10,-1.5283,-49.2167,80.13,79,97,6.51
163,Rio Grande,BR,2021-02-05 22:21:32,-32.035,-52.0986,68.0,75,44,16.4
164,Barrow,US,2021-02-05 22:25:11,71.2906,-156.7887,-4.0,77,90,12.66
165,Riyadh,SA,2021-02-05 22:25:11,24.6877,46.7219,69.8,30,20,6.91
166,Hithadhoo,MV,2021-02-05 22:25:11,-0.6,73.0833,82.38,77,83,11.61
167,Indian Head,US,2021-02-05 22:25:11,38.6001,-77.1622,57.2,28,20,11.5
168,Sirjan,IR,2021-02-05 22:25:11,29.452,55.6814,48.56,43,0,8.55
169,Khatanga,RU,2021-02-05 22:25:12,71.9667,102.5,-32.76,79,29,7.9
170,Hwange,ZW,2021-02-05 22:25:12,-18.3693,26.5019,70.75,90,84,1.3
171,Harrisonburg,US,2021-02-05 22:23:55,38.4496,-78.8689,46.4,36,1,9.22
172,Myaundzha,RU,2021-02-05 22:25:12,63.0494,147.1858,-18.42,85,100,2.77
173,Nikolskoye,RU,2021-02-05 22:23:00,59.7035,30.7861,12.0,78,75,13.42
174,Olafsvik,IS,2021-02-05 22:25:12,64.8945,-23.7142,38.26,77,92,26.08
175,Chyhyryn,UA,2021-02-05 22:25:12,49.0838,32.6555,22.33,92,47,7.38
176,Gamba,GA,2021-02-05 22:25:13,-2.65,10.0,78.12,88,99,0.69
177,Tatawin,TN,2021-02-05 22:25:13,32.9297,10.4518,62.6,25,0,4.61
178,Paveh,IR,2021-02-05 22:25:13,35.0434,46.3565,41.77,87,100,10.74
179,Vao,NC,2021-02-05 22:25:13,-22.6667,167.4833,78.35,85,0,12.77
180,Pangody,RU,2021-02-05 22:25:13,65.85,74.4859,-14.87,89,100,9.6
181,Graaff-Reinet,ZA,2021-02-05 22:25:14,-32.2522,24.5308,72.48,69,0,3.98
182,Muros,ES,2021-02-05 22:25:14,42.7762,-9.0603,52.0,76,100,10.0
183,Agar,IN,2021-02-05 22:25:14,23.7,76.0167,53.71,43,0,6.64
184,Rolla,US,2021-02-05 22:25:14,37.9514,-91.7713,46.0,49,90,10.36
185,Samarai,PG,2021-02-05 22:25:14,-10.6167,150.6667,82.42,76,9,3.29
186,Miraflores,MX,2021-02-05 22:25:14,19.2167,-98.8083,80.6,9,1,3.44
187,Oblivskaya,RU,2021-02-05 22:25:14,48.5362,42.5014,24.64,84,68,18.57
188,Kasongo-Lunda,CD,2021-02-05 22:25:14,-6.4667,16.8167,72.12,86,100,0.76
189,Bathsheba,BB,2021-02-05 22:25:14,13.2167,-59.5167,78.8,65,20,18.41
190,Puerto Ayacucho,VE,2021-02-05 22:25:15,5.6639,-67.6236,88.86,55,73,5.01
191,Davidson,US,2021-02-05 22:25:15,36.1501,-86.7833,50.0,29,1,8.05
192,Ossora,RU,2021-02-05 22:25:15,59.2353,163.0719,1.09,91,20,5.7
193,Provideniya,RU,2021-02-05 22:25:15,64.3833,-173.3,7.32,90,100,16.08
194,Port Lincoln,AU,2021-02-05 22:25:15,-34.7333,135.8667,63.86,79,95,17.6
195,Soure,BR,2021-02-05 22:25:15,-0.7167,-48.5233,80.35,83,0,13.35
196,Panjakent,TJ,2021-02-05 22:25:16,39.4952,67.6093,51.8,30,100,9.22
197,Kiama,AU,2021-02-05 22:25:16,-34.6833,150.8667,71.01,88,100,11.99
198,Cunha,BR,2021-02-05 22:25:16,-23.0744,-44.9597,73.4,88,75,1.14
199,Ixtapa,MX,2021-02-05 22:25:16,20.7,-105.2,75.2,73,1,9.22
200,New Norfolk,AU,2021-02-05 22:25:16,-42.7826,147.0587,68.0,93,100,1.01
201,Mayo,US,2021-02-05 22:25:17,38.8876,-76.5119,53.6,37,1,4.61
202,Oda,JP,2021-02-05 22:25:17,35.1833,132.5,44.6,76,20,6.91
203,Mahebourg,MU,2021-02-05 22:25:17,-20.4081,57.7,78.8,78,75,3.44
204,Enshi,CN,2021-02-05 22:25:17,30.3,109.4833,43.88,80,6,1.43
205,Lompoc,US,2021-02-05 22:25:17,34.6391,-120.4579,64.4,48,1,13.8
206,Grand-Santi,GF,2021-02-05 22:25:17,4.25,-54.3833,74.43,95,47,4.41
207,Shinpokh,PK,2021-02-05 22:25:17,34.3292,71.1782,51.8,76,20,6.91
208,Aklavik,CA,2021-02-05 22:22:54,68.2191,-135.0107,-32.8,68,20,4.61
209,Nanortalik,GL,2021-02-05 22:24:00,60.1432,-45.2371,20.28,75,0,3.56
210,Portland,US,2021-02-05 22:22:01,45.5234,-122.6762,53.01,76,75,5.75
211,Nyuksenitsa,RU,2021-02-05 22:25:18,60.4128,44.2397,-3.66,90,100,9.28
212,Saint-Augustin,CA,2021-02-05 22:24:54,51.226,-58.6502,31.28,98,100,13.62
213,Fare,PF,2021-02-05 22:25:18,-16.7,-151.0167,79.99,69,6,4.99
214,Berlevag,NO,2021-02-05 22:25:18,70.8578,29.0864,26.6,86,75,25.32
215,Bay Roberts,CA,2021-02-05 22:25:18,47.5999,-53.2648,36.0,93,90,32.21
216,Tottori,JP,2021-02-05 22:25:18,35.5,134.2333,41.0,70,20,6.91
217,Deputatskiy,RU,2021-02-05 22:25:18,69.3,139.9,-27.04,86,88,0.04
218,Paamiut,GL,2021-02-05 22:25:18,61.994,-49.6678,20.82,78,0,8.12
219,East London,ZA,2021-02-05 22:25:19,-33.0153,27.9116,73.62,88,100,10.02
220,Birjand,IR,2021-02-05 22:25:19,32.8663,59.2211,37.4,20,0,4.61
221,Katsuura,JP,2021-02-05 22:25:19,35.1333,140.3,42.01,60,75,4.61
222,Tundla,IN,2021-02-05 22:25:19,27.2,78.2833,52.09,64,0,4.7
223,Gboko,NG,2021-02-05 22:25:19,7.3179,8.9951,82.58,15,50,4.43
224,Ngunguru,NZ,2021-02-05 22:25:19,-35.6167,174.5,73.0,72,100,5.99
225,Bubaque,GW,2021-02-05 22:25:20,11.2833,-15.8333,80.06,64,100,19.33
226,Kerema,PG,2021-02-05 22:25:20,-7.9631,145.7785,80.01,75,91,3.13
227,Balabac,PH,2021-02-05 22:25:20,7.9868,117.0645,80.58,82,100,13.53
228,Padang,ID,2021-02-05 22:25:20,-0.9492,100.3543,75.2,88,40,1.14
229,Batsfjord,NO,2021-02-05 22:25:20,70.6345,29.7185,26.6,74,75,26.46
230,Do Gonbadan,IR,2021-02-05 22:25:20,30.3586,50.7981,48.2,66,0,2.93
231,Moose Factory,CA,2021-02-05 22:25:20,51.2585,-80.6094,30.2,64,90,17.27
232,Sisimiut,GL,2021-02-05 22:24:32,66.9395,-53.6735,13.53,76,77,13.82
233,Salinopolis,BR,2021-02-05 22:25:21,-0.6136,-47.3561,79.7,79,33,10.92
234,Coihaique,CL,2021-02-05 22:25:21,-45.5752,-72.0662,84.2,30,0,6.91
235,Betare Oya,CM,2021-02-05 22:25:21,5.6,14.0833,72.61,23,50,6.64
236,Velikooktyabrskiy,RU,2021-02-05 22:25:21,57.4333,33.8159,3.81,93,100,7.72
237,Guerrero Negro,MX,2021-02-05 22:25:21,27.9769,-114.0611,68.58,38,0,15.64
238,Quelimane,MZ,2021-02-05 22:25:21,-17.8786,36.8883,84.2,84,20,3.44
239,Hamilton,US,2021-02-05 22:25:21,39.1834,-84.5333,37.99,48,20,16.11
240,Mkushi,ZM,2021-02-05 22:25:21,-13.6202,29.3939,64.53,95,89,3.42
241,Beloha,MG,2021-02-05 22:25:21,-25.1667,45.05,75.83,91,91,3.13
242,Narasannapeta,IN,2021-02-05 22:25:22,18.4167,84.05,65.16,70,0,5.01
243,Kysyl-Syr,RU,2021-02-05 22:25:22,63.8986,122.7617,-42.61,78,11,4.12
244,Ojinaga,MX,2021-02-05 22:25:22,29.5667,-104.4167,73.4,14,1,6.91
245,Touros,BR,2021-02-05 22:25:22,-5.1989,-35.4608,78.8,78,0,5.75
246,Zhuanghe,CN,2021-02-05 22:25:22,39.7008,122.9911,28.89,93,0,4.79
247,Chokurdakh,RU,2021-02-05 22:23:31,70.6333,147.9167,-10.68,89,100,12.71
248,Barranca,PE,2021-02-05 22:25:22,-10.75,-77.7667,73.09,71,30,10.78
249,Ugoofaaru,MV,2021-02-05 22:25:23,5.6667,73.0,81.39,75,68,9.93
250,Sorland,NO,2021-02-05 22:25:23,67.667,12.6934,30.2,86,40,6.91
251,Thompson,CA,2021-02-05 22:25:23,55.7435,-97.8558,-18.4,69,90,12.66
252,Qaanaaq,GL,2021-02-05 22:25:23,77.484,-69.3632,-7.04,76,100,8.72
253,Sinor,IN,2021-02-05 22:25:23,21.9167,73.3333,62.08,30,0,9.62
254,Teeli,RU,2021-02-05 22:25:24,51.0333,90.2333,11.23,89,100,0.45
255,Beira,MZ,2021-02-05 22:25:24,-19.8436,34.8389,84.2,84,40,9.22
256,Grindavik,IS,2021-02-05 22:25:24,63.8424,-22.4338,35.6,80,0,17.27
257,Mareeba,AU,2021-02-05 22:23:56,-17.0,145.4333,84.99,89,90,1.99
258,Usinsk,RU,2021-02-05 22:25:24,65.9939,57.5281,-15.52,88,92,13.31
259,Shingu,JP,2021-02-05 22:25:24,33.7333,135.9833,46.99,69,96,4.94
260,Kindu,CD,2021-02-05 22:25:24,-2.95,25.95,69.82,97,100,2.77
261,Port Moresby,PG,2021-02-05 22:25:24,-9.4431,147.1797,80.6,83,40,9.22
262,Margate,GB,2021-02-05 22:23:27,51.3813,1.3862,45.0,91,11,1.99
263,Comodoro Rivadavia,AR,2021-02-05 22:25:24,-45.8667,-67.5,62.6,59,0,13.8
264,Boende,CD,2021-02-05 22:24:37,-0.2167,20.8667,74.66,83,100,2.48
265,Okhotsk,RU,2021-02-05 22:25:25,59.3833,143.3,-1.95,85,99,7.18
266,Mormugao,IN,2021-02-05 22:25:25,15.4,73.8,72.86,62,3,7.0
267,Valdivia,CL,2021-02-05 22:21:14,-39.8142,-73.2459,73.4,60,3,9.22
268,Olavarria,AR,2021-02-05 22:25:25,-36.8927,-60.3225,84.99,39,0,5.99
269,Vossevangen,NO,2021-02-05 22:25:26,60.623,6.4229,18.0,82,0,5.66
270,Manyana,BW,2021-02-05 22:25:26,-23.4,21.7167,68.58,90,100,5.5
271,Wilkie,CA,2021-02-05 22:25:26,52.4168,-108.7014,-13.0,64,1,13.8
272,Xapuri,BR,2021-02-05 22:20:55,-10.6517,-68.5044,77.0,94,75,4.61
273,Luderitz,NA,2021-02-05 22:25:26,-26.6481,15.1594,72.07,51,0,21.85
274,Codrington,AU,2021-02-05 22:25:26,-38.2667,141.9667,59.14,83,20,13.09
275,Bilma,NE,2021-02-05 22:25:26,18.6853,12.9164,64.6,27,0,8.14
276,Clyde River,CA,2021-02-05 22:25:27,70.4692,-68.5914,-14.8,76,90,13.8
277,Rusape,ZW,2021-02-05 22:25:27,-18.5278,32.1284,62.58,94,96,3.4
278,Westport,US,2021-02-05 22:25:27,41.1415,-73.3579,42.8,70,1,3.44
279,Urk,NL,2021-02-05 22:25:27,52.6625,5.6014,42.01,88,100,3.0
280,Galle,LK,2021-02-05 22:25:14,6.0367,80.217,74.98,88,66,3.24
281,Husavik,IS,2021-02-05 22:25:27,66.0449,-17.3389,30.2,69,20,4.61
282,Privolzhskiy,RU,2021-02-05 22:25:27,51.4,46.0333,19.0,58,100,10.0
283,Manacapuru,BR,2021-02-05 22:25:27,-3.2997,-60.6206,86.0,70,40,5.75
284,Miramar,US,2021-02-05 22:25:27,25.9873,-80.2323,77.0,46,20,6.91
285,Dunedin,NZ,2021-02-05 22:22:05,-45.8742,170.5036,60.01,69,100,21.99
286,Cochrane,CA,2021-02-05 22:23:49,51.1834,-114.4687,-0.99,78,90,13.8
287,Tarancon,ES,2021-02-05 22:25:28,40.0085,-3.0073,51.01,8,98,18.99
288,Novikovo,RU,2021-02-05 22:25:28,51.1537,37.8879,12.85,93,99,12.57
289,Constitucion,CL,2021-02-05 22:23:46,-35.3333,-72.4167,63.27,72,27,4.68
290,Port Hardy,CA,2021-02-05 22:25:28,50.6996,-127.4199,46.4,71,75,9.22
291,Mountain Home,US,2021-02-05 22:25:28,43.133,-115.6912,48.2,46,40,28.77
292,Srednekolymsk,RU,2021-02-05 22:25:29,67.45,153.6833,-23.78,84,9,3.44
293,Waingapu,ID,2021-02-05 22:25:29,-9.6567,120.2641,77.49,83,100,9.31
294,Twin Falls,US,2021-02-05 22:25:29,42.3505,-114.6445,42.01,60,20,33.38
295,Malayal,PH,2021-02-05 22:25:29,7.208,121.942,75.2,94,75,1.14
296,Arusha,TZ,2021-02-05 22:25:29,-3.3667,36.6833,71.6,60,1,11.5
297,Ambilobe,MG,2021-02-05 22:25:29,-13.2,49.05,73.63,94,67,2.82
298,Hobyo,SO,2021-02-05 22:25:29,5.3505,48.5268,75.97,79,36,15.77
299,Zhanjiang,CN,2021-02-05 22:25:29,21.2815,110.3427,61.2,94,0,4.76
300,San Cristobal,VE,2021-02-05 22:20:45,7.7669,-72.225,84.2,51,40,13.8
301,Iquique,CL,2021-02-05 22:22:00,-20.2208,-70.1431,73.4,60,0,13.8
302,Kroya,ID,2021-02-05 22:25:30,-7.6331,109.2461,75.97,85,96,3.18
303,Urucui,BR,2021-02-05 22:25:30,-7.2294,-44.5561,79.48,79,97,4.97
304,Rawson,AR,2021-02-05 22:25:30,-43.3002,-65.1023,65.8,73,3,31.65
305,Xiongzhou,CN,2021-02-05 22:25:30,25.1167,114.3,57.6,84,16,1.63
306,Svetlogorsk,BY,2021-02-05 22:25:30,52.6333,29.7333,14.22,96,75,8.84
307,Arman,RU,2021-02-05 22:25:30,59.7,150.1667,-8.61,82,84,10.02
308,Teknaf,BD,2021-02-05 22:25:30,20.8624,92.3058,59.38,68,15,5.06
309,Henties Bay,NA,2021-02-05 22:24:40,-22.116,14.2845,64.99,89,37,3.0
310,Parkes,AU,2021-02-05 22:25:31,-33.1333,148.1833,66.99,93,96,2.91
311,Vorukh,TJ,2021-02-05 22:25:31,39.8494,70.5838,36.36,61,100,8.77
312,Guatire,VE,2021-02-05 22:25:31,10.4762,-66.5427,84.2,74,40,5.53
313,Acaponeta,MX,2021-02-05 22:25:31,22.4964,-105.3594,89.35,27,0,8.86
314,Polunochnoye,RU,2021-02-05 22:25:31,60.8697,60.4153,-0.58,94,100,8.79
315,Fairbanks,US,2021-02-05 22:25:17,64.8378,-147.7164,-9.4,64,90,1.7
316,Xinxiang,CN,2021-02-05 22:25:32,35.3089,113.8672,44.24,50,0,6.26
317,Gazojak,TM,2021-02-05 22:25:32,41.1875,61.4036,49.93,46,100,9.15
318,Leticia,CO,2021-02-05 22:25:32,-4.2153,-69.9406,75.2,94,75,2.3
319,Moron,AR,2021-02-05 22:25:32,-34.6534,-58.6198,82.0,33,0,1.01
320,Cockburn Town,TC,2021-02-05 22:25:32,21.4612,-71.1419,80.6,69,40,11.5
321,Pierre,US,2021-02-05 22:25:32,44.3683,-100.351,26.6,43,20,14.97
322,Itarema,BR,2021-02-05 22:25:32,-2.9248,-39.9167,78.12,81,7,11.72
323,Sabha,LY,2021-02-05 22:24:36,27.0377,14.4283,59.72,33,0,9.28
324,Fort Morgan,US,2021-02-05 22:25:33,40.2503,-103.8,39.2,28,90,6.91
325,Ankazoabo,MG,2021-02-05 22:25:33,-22.2833,44.5167,73.02,90,100,2.28
326,Levokumskoye,RU,2021-02-05 22:25:33,44.8219,44.6606,33.94,82,0,21.39
327,Lata,PT,2021-02-05 22:22:52,40.1629,-8.3327,52.0,92,100,1.01
328,Barra Velha,BR,2021-02-05 22:25:33,-26.6322,-48.6847,78.8,65,0,12.66
329,Bengbu,CN,2021-02-05 22:25:34,32.9408,117.3608,43.16,78,0,8.88
330,Tiksi,RU,2021-02-05 22:25:34,71.6872,128.8694,-21.17,88,100,10.47
331,Itacare,BR,2021-02-05 22:25:34,-14.2775,-38.9967,82.4,89,40,16.11
332,Krokeai,GR,2021-02-05 22:25:34,36.8833,22.55,55.99,87,0,4.61
333,Pontalina,BR,2021-02-05 22:25:34,-17.525,-49.4472,76.48,84,86,0.89
334,Pershotravneve,UA,2021-02-05 22:25:34,51.3929,28.8684,17.4,95,0,6.24
335,Namibe,AO,2021-02-05 22:22:50,-15.1961,12.1522,72.03,76,26,4.18
336,Lima,PE,2021-02-05 22:22:14,-12.0432,-77.0282,71.6,78,75,11.5
337,Havre-Saint-Pierre,CA,2021-02-05 22:23:38,50.2334,-63.5986,32.0,93,90,10.36
338,Labuhan,ID,2021-02-05 22:25:34,-6.8844,112.2051,76.93,86,97,9.69
339,Acarau,BR,2021-02-05 22:25:35,-2.8856,-40.12,78.33,81,3,12.8
340,Tadine,NC,2021-02-05 22:25:35,-21.55,167.8833,80.46,76,0,7.85
341,Pisco,PE,2021-02-05 22:25:35,-13.7,-76.2167,73.4,78,0,16.11
342,Maumere,ID,2021-02-05 22:25:35,-8.6199,122.2111,79.56,78,100,1.54
343,Tupik,RU,2021-02-05 22:25:35,54.4253,119.9327,-21.95,83,72,2.39
344,Tual,ID,2021-02-05 22:24:02,-5.6667,132.75,83.62,75,99,20.15
345,Novyy Urengoy,RU,2021-02-05 22:25:35,66.0833,76.6333,-21.01,87,100,6.42
346,Aranjuez,ES,2021-02-05 22:25:36,40.0311,-3.6025,55.99,76,100,16.02
347,Inhambane,MZ,2021-02-05 22:25:36,-23.865,35.3833,79.21,86,92,8.34
348,Zakamensk,RU,2021-02-05 22:25:36,50.3741,103.2863,-8.41,86,69,1.77
349,Buala,SB,2021-02-05 22:24:48,-8.145,159.5921,82.94,75,37,9.24
350,Madawaska,US,2021-02-05 22:25:36,47.3561,-68.3288,24.8,86,100,4.61
351,Santiago Del Estero,AR,2021-02-05 22:22:44,-27.7951,-64.2615,85.24,35,0,5.91
352,Jiayuguan,CN,2021-02-05 22:25:36,39.8167,98.3,27.37,71,92,1.97
353,Mahibadhoo,MV,2021-02-05 22:25:36,3.7833,72.9667,81.12,71,84,8.97
354,Mount Isa,AU,2021-02-05 22:25:36,-20.7333,139.5,78.8,73,40,12.66
355,Yerbogachen,RU,2021-02-05 22:25:37,61.2767,108.0108,-9.33,90,100,3.15
356,Muisne,EC,2021-02-05 22:25:37,0.6,-80.0333,78.8,89,75,10.36
357,Korla,CN,2021-02-05 22:25:37,41.7597,86.1469,26.15,82,0,2.62
358,Morro Bay,US,2021-02-05 22:25:37,35.3658,-120.8499,73.4,27,1,18.41
359,Orange Cove,US,2021-02-05 22:25:37,36.6244,-119.3137,60.01,55,1,4.61
360,Mount Gambier,AU,2021-02-05 22:23:06,-37.8333,140.7667,59.0,88,40,8.05
361,Baruun-Urt,MN,2021-02-05 22:25:37,46.6806,113.2792,0.43,90,93,5.06
362,Baoning,CN,2021-02-05 22:25:37,25.3378,110.026,55.4,88,40,1.88
363,Kahului,US,2021-02-05 22:25:37,20.8947,-156.47,71.6,68,40,8.05
364,Cabo San Lucas,MX,2021-02-05 22:23:56,22.8909,-109.9124,81.0,25,1,11.5
365,Odweyne,SO,2021-02-05 22:25:38,9.4092,45.064,63.82,43,8,5.23
366,Nadym,RU,2021-02-05 22:23:47,65.5333,72.5167,-11.97,90,100,12.08
367,La Ronge,CA,2021-02-05 22:25:38,55.1001,-105.2842,-18.4,63,94,11.5
368,Kupino,RU,2021-02-05 22:25:38,54.3663,77.2981,28.27,99,93,8.77
369,College,US,2021-02-05 22:25:38,64.8569,-147.8028,-9.4,69,75,2.1
370,Nome,US,2021-02-05 22:25:38,64.5011,-165.4064,15.8,79,90,24.16
371,Cidreira,BR,2021-02-05 22:23:16,-30.1811,-50.2056,70.38,68,22,15.68
372,Fiumicino,IT,2021-02-05 22:22:01,41.7675,12.2291,57.0,87,0,2.3
373,Lorengau,PG,2021-02-05 22:24:06,-2.0226,147.2712,80.38,77,99,3.09
374,Sucre,BO,2021-02-05 22:25:39,-19.0333,-65.2627,62.56,64,89,7.78
375,Nieuw Amsterdam,SR,2021-02-05 22:25:39,5.8833,-55.0833,81.0,78,20,4.61
376,Nzerekore,GN,2021-02-05 22:25:39,7.7562,-8.8179,79.29,51,45,2.33
377,Sucua,EC,2021-02-05 22:25:39,-2.4667,-78.1667,78.8,57,20,5.75
378,Kavaratti,IN,2021-02-05 22:24:06,10.5669,72.642,80.38,77,0,13.29
379,Kokstad,ZA,2021-02-05 22:25:40,-30.5472,29.4241,64.11,94,87,2.15
380,Cayenne,GF,2021-02-05 22:24:08,4.9333,-52.3333,75.2,100,75,13.8
381,Sinnamary,GF,2021-02-05 22:23:39,5.3833,-52.95,77.52,86,69,15.03
382,Buraydah,SA,2021-02-05 22:25:40,26.326,43.975,53.6,87,75,10.36
383,Rajapur,IN,2021-02-05 22:25:40,25.3833,81.15,58.82,72,87,4.09
384,Takoradi,GH,2021-02-05 22:25:40,4.8845,-1.7554,79.86,88,3,9.78
385,Surt,LY,2021-02-05 22:25:40,31.2089,16.5887,65.01,39,26,11.77
386,Asyut,EG,2021-02-05 22:25:40,27.181,31.1837,55.4,71,0,12.66
387,Archidona,ES,2021-02-05 22:25:41,37.0965,-4.3887,59.0,70,81,4.0
388,Honiara,SB,2021-02-05 22:25:06,-9.4333,159.95,82.29,76,56,5.68
389,Naze,JP,2021-02-05 22:23:44,28.3667,129.4833,64.4,72,20,10.36
390,Xuddur,SO,2021-02-05 22:25:41,4.1213,43.8894,67.68,85,1,15.05
391,Lisieux,FR,2021-02-05 22:25:41,49.1667,0.1667,45.0,100,90,2.3
392,Leningradskiy,RU,2021-02-05 22:25:41,69.3833,178.4167,-10.88,87,100,8.21
393,Kapoeta,SS,2021-02-05 22:25:41,4.7717,33.5903,81.01,26,49,7.02
394,Puerto Leguizamo,CO,2021-02-05 22:25:41,-0.1934,-74.7819,81.88,80,100,1.7
395,Minna,NG,2021-02-05 22:25:42,9.6139,6.5569,87.8,18,0,6.91
396,Langxiang,CN,2021-02-05 22:25:42,46.95,128.8833,-7.08,89,91,3.02
397,Eureka,US,2021-02-05 22:23:25,40.8021,-124.1637,57.0,74,0,10.0
398,Athabasca,CA,2021-02-05 22:25:42,54.7169,-113.2854,-11.2,70,100,6.91
399,Tsaratanana,MG,2021-02-05 22:25:42,-16.7833,47.65,74.19,84,80,1.41
400,Sajanan,TN,2021-02-05 22:25:42,37.0573,9.2426,60.8,51,20,8.05
401,Chitrakonda,IN,2021-02-05 22:25:42,18.1167,82.0833,58.15,80,0,2.86
402,Kang,BW,2021-02-05 22:25:42,-23.6752,22.7876,67.66,90,98,7.96
403,Kihei,US,2021-02-05 22:25:38,20.785,-156.4656,71.6,68,40,8.05
404,Beringovskiy,RU,2021-02-05 22:25:42,63.05,179.3167,-6.36,89,100,10.71
405,Fukue,JP,2021-02-05 22:25:43,32.6881,128.8419,52.81,86,100,5.84
406,Santa Vitoria Do Palmar,BR,2021-02-05 22:25:21,-33.5189,-53.3681,65.64,73,69,11.25
407,Lawrenceburg,US,2021-02-05 22:25:43,38.0373,-84.8966,42.8,39,1,14.97
408,Baykit,RU,2021-02-05 22:25:43,61.67,96.37,-2.47,88,100,2.8
409,Naron,ES,2021-02-05 22:25:43,43.5167,-8.1528,50.0,100,75,10.36
410,Manthani,IN,2021-02-05 22:25:43,18.65,79.6667,62.67,73,20,6.35
411,Kodinsk,RU,2021-02-05 22:25:43,58.6881,99.1844,0.61,92,99,3.89
412,Wadi Maliz,TN,2021-02-05 22:25:43,36.4681,8.5495,51.8,82,20,4.61
413,Doha,QA,2021-02-05 22:22:34,25.2867,51.5333,69.8,88,0,10.36
414,Khandbari,NP,2021-02-05 22:25:44,27.3747,87.2039,50.16,68,94,5.21
415,Gornyak,RU,2021-02-05 22:25:44,50.9942,81.4661,25.09,98,98,11.74
416,Laguna,US,2021-02-05 22:25:44,38.421,-121.4238,62.01,44,1,4.0
417,Qaqortoq,GL,2021-02-05 22:25:44,60.7167,-46.0333,15.8,48,0,2.3
418,North Bend,US,2021-02-05 22:25:44,43.4065,-124.2243,53.01,93,90,5.75
419,Zaysan,KZ,2021-02-05 22:25:44,47.4667,84.8667,19.27,90,100,0.13
420,Claudio,BR,2021-02-05 22:25:44,-20.4433,-44.7658,71.06,90,86,6.35
421,Skegness,GB,2021-02-05 22:25:44,53.1436,0.3363,42.8,100,75,5.75
422,Severo-Kurilsk,RU,2021-02-05 22:25:45,50.6789,156.125,12.29,84,66,6.06
423,Gizo,SB,2021-02-05 22:25:45,-8.103,156.8419,83.82,73,16,10.76
424,Bujaru,BR,2021-02-05 22:25:45,-1.515,-48.0447,84.2,65,0,6.91
425,Moree,AU,2021-02-05 22:25:45,-29.4667,149.85,75.2,60,90,19.57
426,Killybegs,IE,2021-02-05 22:25:45,54.6333,-8.45,39.0,95,50,1.99
427,Pontevedra,ES,2021-02-05 22:25:45,42.431,-8.6444,55.0,93,75,14.97
428,Tveit,NO,2021-02-05 22:25:45,58.2337,8.122,23.0,73,90,12.66
429,Shatsk,RU,2021-02-05 22:25:45,54.0258,41.7119,5.5,94,100,11.7
430,Camacha,PT,2021-02-05 22:25:45,33.0833,-16.3333,55.4,71,40,14.97
431,Santa Maria,BR,2021-02-05 22:25:46,-29.6842,-53.8069,73.4,60,0,4.61
432,Clifton,US,2021-02-05 22:25:46,40.8584,-74.1638,46.4,70,1,3.78
433,Xichang,CN,2021-02-05 22:25:46,27.8964,102.2634,39.74,70,0,1.16
434,Verkhnyaya Toyma,RU,2021-02-05 22:25:46,62.2349,44.9985,-8.97,88,100,8.5
435,Moundou,TD,2021-02-05 22:25:46,8.5667,16.0833,77.36,18,46,6.04
436,Rocha,UY,2021-02-05 22:21:26,-34.4833,-54.3333,63.82,75,9,8.3
437,Brae,GB,2021-02-05 22:25:46,60.3964,-1.353,33.8,60,75,20.71
438,Horlivka,UA,2021-02-05 22:25:46,48.347,38.0542,21.96,87,0,13.44
439,Vila Do Maio,CV,2021-02-05 22:25:46,15.1333,-23.2167,68.0,68,40,18.41
440,Nalut,LY,2021-02-05 22:25:47,30.3333,10.85,60.26,31,100,13.2
441,Zyryanka,RU,2021-02-05 22:25:47,65.75,150.85,-24.95,86,85,1.14
442,Borogontsy,RU,2021-02-05 22:25:47,62.6683,131.1683,-39.68,80,100,1.23
443,Elko,US,2021-02-05 22:21:41,41.0002,-115.5012,44.6,39,75,21.85
444,Garissa,KE,2021-02-05 22:25:47,-0.4536,39.6401,77.52,71,9,12.88
445,Ha Giang,VN,2021-02-05 22:25:47,22.8333,104.9833,64.47,79,74,0.81
446,Lagoa,PT,2021-02-05 22:25:47,39.05,-27.9833,58.33,86,98,14.74
447,Corowa,AU,2021-02-05 22:25:48,-36.0333,146.3833,70.0,65,0,1.99
448,Omsukchan,RU,2021-02-05 22:24:33,62.5333,155.8,-25.82,84,55,1.88
449,Ipswich,GB,2021-02-05 22:23:20,52.0592,1.1555,42.01,100,75,5.75
450,Urumqi,CN,2021-02-05 22:25:48,43.801,87.6005,10.4,85,3,2.24
451,Nenton,GT,2021-02-05 22:25:48,15.8,-91.75,82.4,24,0,4.63
452,Poum,NC,2021-02-05 22:25:48,-20.2333,164.0167,79.95,71,0,6.42
453,Healdsburg,US,2021-02-05 22:25:48,38.6105,-122.8692,68.0,48,1,5.75
454,Alyangula,AU,2021-02-05 22:25:48,-13.8483,136.4192,78.8,100,90,11.5
455,Hay River,CA,2021-02-05 22:25:48,60.8156,-115.7999,-22.0,63,100,8.05
456,Batticaloa,LK,2021-02-05 22:25:49,7.7102,81.6924,76.78,85,99,8.61
457,San Vicente,AR,2021-02-05 22:25:49,-26.6167,-54.1333,70.34,54,0,5.35
458,Kimbe,PG,2021-02-05 22:25:49,-5.5502,150.1429,79.84,83,74,0.63
459,Aykhal,RU,2021-02-05 22:25:49,66.0,111.5,-34.65,81,41,3.83
460,San Juan,AR,2021-02-05 22:25:49,-31.5375,-68.5364,92.1,16,0,9.89
461,Ayan,RU,2021-02-05 22:25:49,56.45,138.1667,-11.51,80,99,11.77
462,Pitimbu,BR,2021-02-05 22:25:49,-7.4706,-34.8086,80.6,78,0,6.91
463,Jhelum,PK,2021-02-05 22:25:49,32.9331,73.7264,52.3,69,0,3.98
464,Farmington,US,2021-02-05 22:25:50,36.7281,-108.2187,45.0,26,1,18.41
465,Miravci,MK,2021-02-05 22:25:50,41.3078,22.435,51.42,71,99,1.36
466,Sioux Lookout,CA,2021-02-05 22:25:50,50.1001,-91.917,-2.2,71,90,18.41
467,Hualmay,PE,2021-02-05 22:24:23,-11.0964,-77.6139,73.81,69,69,11.03
468,Yarkovo,RU,2021-02-05 22:25:50,57.4028,67.0786,33.75,96,100,10.07
469,Marfino,RU,2021-02-05 22:25:50,55.7028,37.3822,10.4,67,75,13.42
470,Chumikan,RU,2021-02-05 22:25:50,54.7183,135.315,-13.32,86,100,14.52
471,Bondoukou,CI,2021-02-05 22:25:50,8.0333,-2.8,84.9,40,79,4.79
472,De-Kastri,RU,2021-02-05 22:25:51,51.4667,140.7833,-7.56,87,100,5.08
473,Talcahuano,CL,2021-02-05 22:25:51,-36.7167,-73.1167,62.6,82,90,10.36
474,Chokwe,MZ,2021-02-05 22:25:51,-24.5333,32.9833,76.62,91,100,4.83
475,Verkhnetulomskiy,RU,2021-02-05 22:25:51,68.6073,31.7962,3.2,85,20,2.24
476,Calama,CL,2021-02-05 22:25:51,-22.4667,-68.9333,75.2,25,0,28.77
477,Matara,LK,2021-02-05 22:25:51,5.9485,80.5353,73.83,86,78,5.28
478,Huarmey,PE,2021-02-05 22:25:51,-10.0681,-78.1522,74.03,67,81,10.13
479,Houston,US,2021-02-05 22:25:24,29.7633,-95.3633,50.0,81,90,5.75
480,Voh,NC,2021-02-05 22:25:51,-20.9667,164.7,82.44,70,11,2.17
481,Tailai,CN,2021-02-05 22:25:52,46.3833,123.4,0.72,92,100,7.11
482,Yatou,CN,2021-02-05 22:25:52,37.15,122.3833,38.64,84,0,9.66
483,Sambava,MG,2021-02-05 22:25:52,-14.2667,50.1667,76.12,88,23,5.59
484,Lucapa,AO,2021-02-05 22:24:51,-8.4192,20.7447,67.37,92,30,2.55
485,Banyo,CM,2021-02-05 22:25:52,6.75,11.8167,65.86,28,59,2.73
486,Raga,SS,2021-02-05 22:25:52,8.4596,25.678,70.48,22,44,7.29
487,Libreville,GA,2021-02-05 22:25:52,0.3925,9.4537,82.4,89,40,5.75
488,Port Macquarie,AU,2021-02-05 22:23:27,-31.4333,152.9167,78.01,74,74,1.99
489,Morant Bay,JM,2021-02-05 22:25:53,17.8815,-76.4093,82.4,78,20,25.32
490,Ancud,CL,2021-02-05 22:24:12,-41.8697,-73.8203,82.4,32,0,16.11
491,Souris,CA,2021-02-05 22:25:53,49.6172,-100.2612,-2.2,65,20,19.57
492,Along,IN,2021-02-05 22:25:53,28.1667,94.7667,50.11,60,0,2.17
493,Trairi,BR,2021-02-05 22:25:53,-3.2778,-39.2689,78.28,80,4,9.31
494,Timra,SE,2021-02-05 22:22:59,62.487,17.3257,18.0,85,6,8.05
495,Mogadishu,SO,2021-02-05 22:25:53,2.0371,45.3438,76.14,84,0,18.79
496,Alvorada,BR,2021-02-05 22:25:53,-12.48,-49.1247,77.14,89,100,3.62
497,Zhanaozen,KZ,2021-02-05 22:25:53,43.3,52.8,42.71,86,80,22.91
498,Ucluelet,CA,2021-02-05 22:24:44,48.9329,-125.5528,51.01,81,40,3.44
499,Abilene,US,2021-02-05 22:25:54,32.4487,-99.7331,64.0,27,1,10.36
500,Karratha,AU,2021-02-05 22:25:54,-20.7377,116.8463,79.21,79,13,11.12
501,Talaya,RU,2021-02-05 22:25:54,61.3833,152.75,-25.85,83,100,0.25
502,Davila,PH,2021-02-05 22:25:54,18.4726,120.5763,66.2,94,40,3.44
503,Joseni,RO,2021-02-05 22:25:54,46.7,25.5,34.0,86,100,3.56
504,Nacala,MZ,2021-02-05 22:25:54,-14.5428,40.6728,78.17,87,100,2.19
505,Flinders,AU,2021-02-05 22:24:52,-34.5833,150.8552,71.01,86,100,10.0
506,Panjab,AF,2021-02-05 22:25:55,34.388,67.0233,12.33,50,2,3.11
507,Vestmannaeyjar,IS,2021-02-05 22:25:55,63.4427,-20.2734,41.22,68,96,27.42
508,Kuching,MY,2021-02-05 22:25:32,1.55,110.3333,77.0,94,40,2.3
509,Reconquista,AR,2021-02-05 22:25:55,-29.15,-59.65,81.19,46,0,5.84
510,Noumea,NC,2021-02-05 22:25:55,-22.2763,166.4572,82.0,78,75,2.3
511,Dharchula,IN,2021-02-05 22:25:55,29.85,80.5333,39.24,66,44,6.13
512,Tekkali,IN,2021-02-05 22:25:55,18.6167,84.2333,64.62,66,0,4.68
513,Coruripe,BR,2021-02-05 22:25:55,-10.1256,-36.1756,79.32,73,45,18.48
514,Alice Springs,AU,2021-02-05 22:22:56,-23.7,133.8833,73.4,46,75,6.91
515,Port-Gentil,GA,2021-02-05 22:22:57,-0.7193,8.7815,80.6,94,20,1.14
516,Nemuro,JP,2021-02-05 22:25:56,43.3236,145.575,29.84,98,100,16.69
517,Mongu,ZM,2021-02-05 22:25:56,-15.2484,23.1274,69.84,90,73,3.29
518,Kieta,PG,2021-02-05 22:25:56,-6.2167,155.6333,82.8,74,9,7.11
519,Carauari,BR,2021-02-05 22:25:56,-4.8828,-66.8958,75.7,96,100,4.45
520,Vallenar,CL,2021-02-05 22:25:56,-28.5708,-70.7581,80.51,33,35,7.99
521,Meulaboh,ID,2021-02-05 22:25:56,4.1363,96.1285,76.17,88,26,4.41
522,Hokitika,NZ,2021-02-05 22:20:58,-42.7167,170.9667,63.79,66,100,4.99
523,Vaasa,FI,2021-02-05 22:25:55,63.096,21.6158,5.0,85,0,2.3
524,Palauig,PH,2021-02-05 22:25:57,15.435,119.9045,78.24,69,54,3.53
525,Namatanai,PG,2021-02-05 22:25:57,-3.6667,152.4333,76.73,90,100,12.06
526,Pandan,PH,2021-02-05 22:25:57,14.0453,124.1694,77.77,87,93,8.52
527,Nara,JP,2021-02-05 22:25:57,34.6851,135.8049,43.0,81,20,3.44
528,Danshui,CN,2021-02-05 22:25:57,22.7984,114.4672,64.99,73,0,1.79
529,Nuristan,AF,2021-02-05 22:25:57,35.3,70.8333,12.36,58,6,11.92
530,Bilibino,RU,2021-02-05 22:25:58,68.0546,166.4372,-17.32,77,0,4.16
531,Shadrinsk,RU,2021-02-05 22:25:58,56.0852,63.6335,35.24,97,100,15.08
532,Pundaguitan,PH,2021-02-05 22:25:58,6.3711,126.1689,81.0,76,32,13.91
533,Marshfield,US,2021-02-05 22:25:58,44.6689,-90.1718,9.0,66,90,18.41
534,Vidim,RU,2021-02-05 22:23:54,56.4088,103.1106,1.47,93,100,5.46
535,Ambon,ID,2021-02-05 22:23:34,-3.6954,128.1814,75.2,94,20,5.75
536,Pilar,BR,2021-02-05 22:25:58,-9.5972,-35.9567,77.0,83,0,10.36
537,Podosinovets,RU,2021-02-05 22:25:58,60.2776,47.0659,2.7,93,100,10.38
538,Nueva Loja,EC,2021-02-05 22:25:25,0.0847,-76.8828,86.0,66,40,3.44
539,Merauke,ID,2021-02-05 22:25:59,-8.4667,140.3333,79.84,86,96,16.08
540,Taoudenni,ML,2021-02-05 22:25:59,22.6783,-3.9836,80.29,16,91,7.94
541,Port Hedland,AU,2021-02-05 22:25:59,-20.3167,118.5667,78.8,94,40,6.91
542,Almenara,BR,2021-02-05 22:25:59,-16.1836,-40.6944,79.11,72,91,3.76
